query_index,query,llm_model,embedding_model,sage_answer,traditional_answer,sage_latency,traditional_latency,similarity_system1_precision,similarity_system1_recall,similarity_system1_f1,similarity_system2_precision,similarity_system2_recall,similarity_system2_f1,rouge_system1_rouge1_f,rouge_system1_rouge2_f,rouge_system1_rougeL_f,rouge_system2_rouge1_f,rouge_system2_rouge2_f,rouge_system2_rougeL_f,llm_system1_score,llm_system2_score,llm_better_system
1,What are the main responsibilities of Alice Johnson?,llama-3.3-70b-versatile,all-mpnet-base-v2,I don't have enough information to answer the question about the main responsibilities of Alice John,I don't have enough information to answer the question about Alice Johnson's main responsibilities. ,4.185335636138916,1.0105538368225098,0.6,0.8,0.55,0.0,0.0,0.0,0.5238095192885488,0.35999999572200003,0.5238095192885488,,,,9,7,system1
2,Summarize the key points from the latest meeting notes,llama-3.3-70b-versatile,all-mpnet-base-v2,"To answer the question about summarizing the key points from the latest meeting notes, I need to ana",I don't have enough information to summarize the key points from the latest meeting notes. The conte,2.145372152328491,2.062347888946533,0.6,0.8,0.55,0.0,0.0,0.0,0.5029239721254404,0.2893616980512449,0.46783625282719477,,,,9,7,system1
3,What projects is Bob Smith working on?,llama-3.3-70b-versatile,all-mpnet-base-v2,"To answer the question about the projects Bob Smith is working on, we need to look at the connection","Based on the provided context, it appears that Bob is working on Project Phoenix, specifically focus",2.3970510959625244,1.0839433670043945,0.546875,0.75,0.55,0.0,0.0,0.0,0.31884057547574046,0.1170212725469671,0.30434782185255205,,,,9,7,system1
4,What are the deadlines for the current sprint?,llama-3.3-70b-versatile,all-mpnet-base-v2,"To answer the question about the deadlines for the current sprint, we need to look at the provided c","The deadlines for the current sprint are as follows: 
- Optimize algorithms by 2025-02-25
- Propose ",2.1007285118103027,0.7302756309509277,0.42105263157894735,0.8,0.55,0.0,0.0,0.0,0.3008849530738508,0.1463414613660024,0.28318583802960295,,,,9,7,system1
5,Who is responsible for the data analysis task?,llama-3.3-70b-versatile,all-mpnet-base-v2,"To answer the question of who is responsible for the data analysis task, let's examine the provided ","The context doesn't explicitly mention who is responsible for the data analysis task. However, in th",2.3562519550323486,1.3908748626708984,0.6,0.8,0.55,0.0,0.0,0.0,0.39999999537812503,0.1603375483558548,0.387499995378125,,,,9,7,system1
6,What is the relationship between Carol Williams and David Lee?,llama-3.3-70b-versatile,all-mpnet-base-v2,"Based on the provided context, I don't have enough information to determine the relationship between","I don't have enough information to determine the relationship between Carol Williams and David Lee, ",1.726093053817749,0.7219064235687256,0.6,0.8,0.55,0.0,0.0,0.0,0.6818181768414258,0.36893203384673395,0.6363636313868801,,,,9,7,system1
7,What are the key findings from the latest data analysis?,llama-3.3-70b-versatile,all-mpnet-base-v2,The key findings from the latest data analysis indicate a significant increase in client inquiries r,"The key findings from the latest data analysis are:

1. Significant increase in client inquiries rel",1.3425946235656738,0.8663432598114014,0.6,0.8,0.55,0.0,0.0,0.0,0.5245901592367644,0.4025973978706359,0.4918032739908628,,,,9,7,system1
8,When is the next team meeting scheduled?,llama-3.3-70b-versatile,all-mpnet-base-v2,The next team meeting is scheduled for tomorrow at 9am.,"The context mentions a team meeting scheduled for tomorrow at 9am, but it does not specify the curre",0.9172272682189941,1.229201316833496,0.6,0.16,0.55,0.0,0.0,0.0,0.2117647038062284,0.10810810661796934,0.1882352920415225,,,,9,7,system1
9,What are the main challenges mentioned in the project documentation?,llama-3.3-70b-versatile,all-mpnet-base-v2,"To answer the question about the main challenges mentioned in the project documentation, let's analy","The context provided doesn't explicitly mention the main challenges for all projects, but it does me",2.6135952472686768,1.201819896697998,0.6,0.8,0.55,0.0,0.0,0.0,0.48484848028943994,0.2347826042706995,0.4363636318045914,,,,9,7,system1
10,How does the team handle task assignments?,llama-3.3-70b-versatile,all-mpnet-base-v2,"To understand how the team handles task assignments, we can look at the information provided about P","Based on the provided context, the team handles task assignments through their team leaders. For Pro",2.65733003616333,5.801123142242432,0.6,0.8,0.55,0.0,0.0,0.0,0.48677248247809424,0.2957746439349832,0.4338624295680413,,,,9,7,system1
11,What are the main responsibilities of Alice Johnson?,llama-3.3-70b-versatile,multi-qa-mpnet-base-dot-v1,"Based on the provided context, I don't have enough information to determine the main responsibilitie",I don't have enough information to answer your question about Alice Johnson's main responsibilities.,9.524789333343506,1.457932710647583,0.6,0.8,0.55,0.0,0.0,0.0,0.6499999951531251,0.24175823702451402,0.574999995153125,,,,9,7,system1
12,Summarize the key points from the latest meeting notes,llama-3.3-70b-versatile,multi-qa-mpnet-base-dot-v1,"To answer the question about summarizing the key points from the latest meeting notes, I need to ana",I don't have enough information to summarize the key points from the latest meeting notes. The conte,11.588892936706543,9.783555030822754,0.6,0.8,0.55,0.0,0.0,0.0,0.46408839343487696,0.26923076540502966,0.45303866967797085,,,,9,7,system1
13,What projects is Bob Smith working on?,llama-3.3-70b-versatile,multi-qa-mpnet-base-dot-v1,"To answer the question about the projects Bob Smith is working on, we need to look at the connection","Based on the provided context, it appears that Bob is working on Project Phoenix, specifically focus",25.07351279258728,1.2059030532836914,0.6,0.75,0.55,0.0,0.0,0.0,0.4171779093409613,0.19658119232084165,0.3926380320403478,,,,9,7,system1
14,What are the deadlines for the current sprint?,llama-3.3-70b-versatile,multi-qa-mpnet-base-dot-v1,"To find the deadlines for the current sprint, we need to look at the action items and tasks assigned","The deadlines for the current sprint are: 
- Optimize algorithms by 2025-02-25
- Propose UI changes ",1.5132968425750732,1.0649104118347168,0.47619047619047616,0.8,0.55,0.0,0.0,0.0,0.3037974651241788,0.18691588517774482,0.3037974651241788,,,,9,7,system1
15,Who is responsible for the data analysis task?,llama-3.3-70b-versatile,multi-qa-mpnet-base-dot-v1,"To determine who is responsible for the data analysis task, we need to examine the provided context ","According to the context, Carol is responsible for analyzing the data structures and identifying any",1.9964802265167236,1.2402522563934326,0.6,0.8,0.55,0.0,0.0,0.0,0.44871794431706125,0.29787233614268904,0.42307691867603553,,,,9,7,system1
16,What is the relationship between Carol Williams and David Lee?,llama-3.3-70b-versatile,multi-qa-mpnet-base-dot-v1,"Based on the provided context, I don't have enough information to determine the relationship between","I don't have enough information to determine the relationship between Carol Williams and David Lee, ",1.5628952980041504,1.0796122550964355,0.6,0.8,0.55,0.0,0.0,0.0,0.6818181768414258,0.36893203384673395,0.6363636313868801,,,,9,7,system1
17,What are the key findings from the latest data analysis?,llama-3.3-70b-versatile,multi-qa-mpnet-base-dot-v1,The key findings from the latest data analysis indicate a significant increase in client inquiries r,"The key findings from the latest data analysis are:

1. Significant increase in client inquiries rel",1.6832530498504639,1.1413743495941162,0.6,0.8,0.55,0.0,0.0,0.0,0.47999999530752013,0.3289473638028047,0.47999999530752013,,,,9,7,system1
18,When is the next team meeting scheduled?,llama-3.3-70b-versatile,multi-qa-mpnet-base-dot-v1,"To answer the question about when the next team meeting is scheduled, let's examine the provided con",The context doesn't contain the information needed to answer the question about the next team meetin,1.797581672668457,1.1005964279174805,0.6,0.6160714285714286,0.55,0.0,0.0,0.0,0.42857142363315703,0.12222221731111133,0.36507936014109343,,,,9,7,system1
19,What are the main challenges mentioned in the project documentation?,llama-3.3-70b-versatile,multi-qa-mpnet-base-dot-v1,"To answer the question about the main challenges mentioned in the project documentation, let's analy","The context doesn't explicitly mention the main challenges of the project. However, it does mention ",1.876798391342163,1.3920154571533203,0.6,0.8,0.55,0.0,0.0,0.0,0.5857142807969388,0.30167597282356984,0.542857137939796,,,,9,7,system1
20,How does the team handle task assignments?,llama-3.3-70b-versatile,multi-qa-mpnet-base-dot-v1,"To answer the question of how the team handles task assignments, we can look at the information prov","Based on the provided context, it appears that task assignments are handled by the team leader, Davi",3.960798501968384,19.952990770339966,0.6,0.7291666666666666,0.55,0.0,0.0,0.0,0.3980582478801018,0.2160493784722223,0.3398058206956358,,,,9,7,system1
21,What are the main responsibilities of Alice Johnson?,llama-3.1-8b-instant,all-mpnet-base-v2,"Based on the provided context, I can see that there are two entities with the name ""Alice Johnson"" b",I don't have enough information about Alice Johnson's main responsibilities. The context only mentio,4.38178563117981,0.6390178203582764,0.6,0.8,0.55,0.0,0.0,0.0,0.4583333291167535,0.2622950782585327,0.4583333291167535,,,,9,7,system1
22,Summarize the key points from the latest meeting notes,llama-3.1-8b-instant,all-mpnet-base-v2,"Based on the provided context, I can summarize the key points from the latest meeting notes as follo","Based on the provided context, I don't have enough information to summarize the key points from the ",1.542309045791626,3.422386407852173,0.6,0.6136363636363636,0.55,0.0,0.0,0.0,0.3589743540927022,0.15841583672581136,0.3461538412721894,,,,9,7,system1
23,What projects is Bob Smith working on?,llama-3.1-8b-instant,all-mpnet-base-v2,"Based on the provided context, I can see that Bob Smith is mentioned in two separate conversations. ","Based on the provided context, it appears that Bob is working on Project Phoenix, specifically focus",4.988767147064209,1.5358390808105469,0.6,0.75,0.55,0.0,0.0,0.0,0.48543688837402216,0.2499999952062989,0.4077669854614008,,,,9,7,system1
24,What are the deadlines for the current sprint?,llama-3.1-8b-instant,all-mpnet-base-v2,"To find the deadlines for the current sprint, I'll analyze the context and look for relevant relatio","Based on the provided context, the deadlines for the current sprint are:

- Optimize algorithms: 202",2.9192771911621094,0.7639515399932861,0.4,0.8,0.55,0.0,0.0,0.0,0.2857142824389015,0.13793103155436656,0.25396825069286977,,,,9,7,system1
25,Who is responsible for the data analysis task?,llama-3.1-8b-instant,all-mpnet-base-v2,"To find the answer to the question ""Who is responsible for the data analysis task?"", I'll analyze th","Based on the provided context, I don't have enough information to determine who is responsible for t",3.161099433898926,1.4251530170440674,0.5607476635514018,0.8,0.55,0.0,0.0,0.0,0.3661971793840508,0.14529914240886846,0.33802816529954377,,,,9,7,system1
26,What is the relationship between Carol Williams and David Lee?,llama-3.1-8b-instant,all-mpnet-base-v2,"Based on the provided context, I can see that Carol Williams (EMP003) is connected to the Document t",I don't have enough information to determine the relationship between Carol Williams and David Lee. ,1.7101178169250488,0.64300537109375,0.6,0.7124999999999999,0.55,0.0,0.0,0.0,0.44705881854671287,0.26548672077688157,0.44705881854671287,,,,9,7,system1
27,What are the key findings from the latest data analysis?,llama-3.1-8b-instant,all-mpnet-base-v2,"Based on the provided context, the key findings from the latest data analysis are related to client ","The key findings from the latest data analysis are:

1. Significant increase in client inquiries rel",4.77901554107666,0.79994797706604,0.6,0.75,0.55,0.0,0.0,0.0,0.4848484798734823,0.34999999505000007,0.4646464596714621,,,,9,7,system1
28,When is the next team meeting scheduled?,llama-3.1-8b-instant,all-mpnet-base-v2,"Based on the provided context, I can see that there is a mention of a team meeting, but the specific","Based on the provided context, I found a reminder about a team meeting scheduled for tomorrow at 9am",3.2377820014953613,0.7375993728637695,0.6,0.8,0.55,0.0,0.0,0.0,0.4848484810238752,0.26086956220463137,0.4848484810238752,,,,9,7,system1
29,What are the main challenges mentioned in the project documentation?,llama-3.1-8b-instant,all-mpnet-base-v2,"Based on the provided context, I can see that there are mentions of project status and next steps, b","Based on the provided context, the main challenges mentioned in the project documentation are:

1. P",1.6054835319519043,8.802384853363037,0.6,0.6486486486486487,0.55,0.0,0.0,0.0,0.4276729509987738,0.1777777729129878,0.40251571829437127,,,,9,7,system1
30,How does the team handle task assignments?,llama-3.1-8b-instant,all-mpnet-base-v2,"Based on the provided context, I can see that the team handles task assignments through the leadersh","Based on the provided context, it seems that the team handles task assignments in a few different wa",7.295982599258423,15.188921451568604,0.6,0.45789473684210524,0.55,0.0,0.0,0.0,0.3798882631753067,0.19762845349872687,0.3240223413875972,,,,9,7,system1
31,What are the main responsibilities of Alice Johnson?,llama-3.1-8b-instant,multi-qa-mpnet-base-dot-v1,"Based on the provided context, I can see that there are two entities named ""Alice Johnson"" with diff",I don't have enough information about Alice Johnson's main responsibilities. The provided context on,4.098642587661743,4.28823709487915,0.6,0.8,0.55,0.0,0.0,0.0,0.44444444033580255,0.1785714250063776,0.44444444033580255,,,,9,7,system1
32,Summarize the key points from the latest meeting notes,llama-3.1-8b-instant,multi-qa-mpnet-base-dot-v1,"Based on the provided context, I can summarize the key points from the latest meeting notes as follo","Based on the provided context, I don't have enough information to summarize the key points from the ",12.522898197174072,2.6131720542907715,0.6,0.6136363636363636,0.55,0.0,0.0,0.0,0.3589743540927022,0.15841583672581136,0.3461538412721894,,,,9,7,system1
33,What projects is Bob Smith working on?,llama-3.1-8b-instant,multi-qa-mpnet-base-dot-v1,"Based on the provided context, I can see that there is a mention of Project Phoenix, which is relate","Based on the provided context, I can see that Bob is involved in Project Phoenix, which is a project",2.5201942920684814,0.9992311000823975,0.6,0.8,0.55,0.0,0.0,0.0,0.45801526238797274,0.2696629169946977,0.44274808681545375,,,,9,7,system1
34,What are the deadlines for the current sprint?,llama-3.1-8b-instant,multi-qa-mpnet-base-dot-v1,"To find the deadlines for the current sprint, I'll analyze the context and look for relevant relatio","Based on the provided context, the deadlines for the current sprint are:

- Optimize algorithms: 202",2.56056547164917,2.5826680660247803,0.36407766990291257,0.8,0.55,0.0,0.0,0.0,0.25954198137171497,0.11827956711469541,0.22900763022667678,,,,9,7,system1
35,Who is responsible for the data analysis task?,llama-3.1-8b-instant,multi-qa-mpnet-base-dot-v1,"To find the answer to the question ""Who is responsible for the data analysis task?"", I'll analyze th","Based on the provided context, Carol is responsible for analyzing the data structures and identifyin",1.745908260345459,0.7489194869995117,0.5120481927710843,0.8,0.55,0.0,0.0,0.0,0.33333333030180706,0.20588235043252598,0.33333333030180706,,,,9,7,system1
36,What is the relationship between Carol Williams and David Lee?,llama-3.1-8b-instant,multi-qa-mpnet-base-dot-v1,"Based on the provided context, I can see that Carol Williams (EMP003) is connected to the Document t",I don't have enough information to determine the relationship between Carol Williams and David Lee. ,1.3606197834014893,0.6140499114990234,0.6,0.7124999999999999,0.55,0.0,0.0,0.0,0.44705881854671287,0.26548672077688157,0.44705881854671287,,,,9,7,system1
37,What are the key findings from the latest data analysis?,llama-3.1-8b-instant,multi-qa-mpnet-base-dot-v1,"Based on the provided context, the key findings from the latest data analysis are:

1. A significant","The key findings from the latest data analysis are:

1. Significant increase in client inquiries rel",1.345855951309204,0.8041012287139893,0.6,0.8,0.55,0.0,0.0,0.0,0.5109489006489425,0.37931034054696794,0.49635036050295706,,,,9,7,system1
38,When is the next team meeting scheduled?,llama-3.1-8b-instant,multi-qa-mpnet-base-dot-v1,"Based on the provided context, I found a mention of a team meeting scheduled for tomorrow at 9am. Ho","Based on the provided context, I found a reminder about a team meeting scheduled for tomorrow at 9am",1.5505759716033936,3.91306471824646,0.6,0.8,0.55,0.0,0.0,0.0,0.5660377314916342,0.39999999632244904,0.5660377314916342,,,,9,7,system1
39,What are the main challenges mentioned in the project documentation?,llama-3.1-8b-instant,multi-qa-mpnet-base-dot-v1,"To find the main challenges mentioned in the project documentation, I'll analyze the context and loo","Based on the provided context, the main challenges mentioned in the project documentation are relate",3.924384355545044,12.056065082550049,0.6,0.611111111111111,0.55,0.0,0.0,0.0,0.39534883222620343,0.14173227851695722,0.38372092524945917,,,,9,7,system1
40,How does the team handle task assignments?,llama-3.1-8b-instant,multi-qa-mpnet-base-dot-v1,"Based on the provided context, I can see that the team handles task assignments through the leadersh","According to the provided context, the team handles task assignments as follows:

- In Project Phoen",6.075503587722778,15.136698722839355,0.6,0.5886075949367089,0.55,0.0,0.0,0.0,0.4230769180777449,0.23076922576959613,0.3974358924367193,,,,9,7,system1
